{"result":{"binance:adabtc":0.0000308,"binance:adaeth":0.0003824,"binance:batbtc":0.00003591,"binance:bateth":0.00044806,"binance:bccbtc":0.124704,"binance:bccusdt":1392.26,"binance:btcusdt":11157.99,"binance:btgbtc":0.011396,"binance:btgeth":0.142129,"binance:btsbtc":0.00002175,"binance:dashbtc":0.062135,"binance:dasheth":0.77612,"binance:edobtc":0.000243,"binance:edoeth":0.003062,"binance:elfbtc":0.00012796,"binance:elfeth":0.001585,"binance:eosbtc":0.00079651,"binance:eoseth":0.010497,"binance:etcbtc":0.003382,"binance:etceth":0.042021,"binance:ethbtc":0.080601,"binance:ethusdt":898.66,"binance:funbtc":0.00000507,"binance:funeth":0.00006249,"binance:gasbtc":0.003885,"binance:icnbtc":0.00014038,"binance:icneth":0.0017555,"binance:icxbtc":0.0003858,"binance:icxeth":0.004777,"binance:lskbtc":0.00225,"binance:lsketh":0.027901,"binance:ltcbtc":0.020335,"binance:ltceth":0.25263,"binance:ltcusdt":227.89,"binance:navbtc":0.0001656,"binance:neobtc":0.01137,"binance:neoeth":0.141054,"binance:neousdt":126.759,"binance:omgbtc":0.001658,"binance:omgeth":0.020554,"binance:qtumbtc":0.002576,"binance:qtumeth":0.03202,"binance:rcnbtc":0.00001418,"binance:rcneth":0.00017771,"binance:sntbtc":0.00001671,"binance:snteth":0.00020835,"binance:steembtc":0.0003392,"binance:steemeth":0.004255,"binance:storjbtc":0.00008867,"binance:stratbtc":0.000783,"binance:strateth":0.009619,"binance:tnbbtc":0.00000599,"binance:tnbeth":0.00007465,"binance:trxbtc":0.0000042,"binance:trxeth":0.00005205,"binance:viabtc":0.0002643,"binance:xmrbtc":0.02645,"binance:xmreth":0.32962,"binance:xrpbtc":0.0000924,"binance:xrpeth":0.00114722,"binance:xvgbtc":0.00000655,"binance:zecbtc":0.038691,"binance:zeceth":0.47723,"binance:zrxbtc":0.00009076,"binance:zrxeth":0.00113119,"bitfinex:avtbtc":0.0002204,"bitfinex:avteth":0.0026602,"bitfinex:avtusd":2.45,"bitfinex:batbtc":0.00003627,"bitfinex:bateth":0.0004526,"bitfinex:batusd":0.40479,"bitfinex:bccbtc":0,"bitfinex:bccusd":0,"bitfinex:bchbtc":0.12497,"bitfinex:bcheth":1.5556,"bitfinex:bchusd":1390,"bitfinex:bcubtc":0,"bitfinex:bcuusd":0,"bitfinex:bt1btc":0,"bitfinex:bt1usd":0,"bitfinex:bt2btc":0,"bitfinex:bt2usd":0,"bitfinex:btceur":9034.5,"bitfinex:btcusd":11151,"bitfinex:btgbtc":0.01138,"bitfinex:btgusd":127.83,"bitfinex:dashbtc":0.06227,"bitfinex:dashusd":694.04,"bitfinex:databtc":0,"bitfinex:dataeth":0,"bitfinex:datausd":0,"bitfinex:datbtc":0.00000976,"bitfinex:dateth":0.00012167,"bitfinex:datusd":0.1096,"bitfinex:edobtc":0.00024414,"bitfinex:edoeth":0.0030282,"bitfinex:edousd":2.7417,"bitfinex:elfbtc":0.0001261,"bitfinex:elfeth":0.0016168,"bitfinex:elfusd":1.414,"bitfinex:eosbtc":0.00079682,"bitfinex:eoseth":0.00986,"bitfinex:eosusd":8.85,"bitfinex:etcbtc":0.0033924,"bitfinex:etcusd":37.786,"bitfinex:ethbtc":0.08059,"bitfinex:ethusd":896.4,"bitfinex:etpbtc":0.00016642,"bitfinex:etpeth":0.002071,"bitfinex:etpusd":1.8766,"bitfinex:funbtc":0.00000506,"bitfinex:funeth":0.0000626,"bitfinex:funusd":0.0566,"bitfinex:gntbtc":0.00003258,"bitfinex:gnteth":0.0004077,"bitfinex:gntusd":0.36543,"bitfinex:iotbtc":0.00016664,"bitfinex:ioteth":0.0020701,"bitfinex:ioteur":1.5,"bitfinex:iotusd":1.8544,"bitfinex:ltcbtc":0.02029,"bitfinex:ltcusd":226.57,"bitfinex:neobtc":0.011356,"bitfinex:neoeth":0.14147,"bitfinex:neousd":126.36,"bitfinex:omgbtc":0.0016543,"bitfinex:omgeth":0.020659,"bitfinex:omgusd":18.358,"bitfinex:qtumbtc":0.0025706,"bitfinex:qtumeth":0.031692,"bitfinex:qtumusd":28.786,"bitfinex:rcnbtc":0.00001427,"bitfinex:rcneth":0.00017613,"bitfinex:rcnusd":0.1575,"bitfinex:repbtc":0.0043651,"bitfinex:repeth":0.054321,"bitfinex:repusd":48.809,"bitfinex:sanbtc":0.0002435,"bitfinex:saneth":0.003089,"bitfinex:sanusd":2.6961,"bitfinex:sntbtc":0.00001659,"bitfinex:snteth":0.00020667,"bitfinex:sntusd":0.187,"bitfinex:tnbbtc":0.00000597,"bitfinex:tnbeth":0.0000755,"bitfinex:tnbusd":0.066486,"bitfinex:trxbtc":0.00000417,"bitfinex:trxeth":0.00005172,"bitfinex:trxusd":0.0469,"bitfinex:xmrbtc":0.026382,"bitfinex:xmrusd":294.11,"bitfinex:xrpbtc":0.00009238,"bitfinex:xrpusd":1.0294,"bitfinex:zecbtc":0.038548,"bitfinex:zecusd":431.11,"bitfinex:zrxbtc":0.00009081,"bitfinex:zrxeth":0.0011234,"bitfinex:zrxusd":1.02,"bitflyer:bchbtc":0.12452,"bitflyer:btceur":9061.4,"bitflyer:btcfxjpy":1350961,"bitflyer:btcjpy":1207232,"bitflyer:btcjpy-biweekly-futures":1207811,"bitflyer:btcjpy-weekly-futures":1210302,"bitflyer:btcusd":11154.3,"bitflyer:ethbtc":0.0807,"bithumb:bchkrw":1672000,"bithumb:btckrw":13452000,"bithumb:btgkrw":145500,"bithumb:dashkrw":844000,"bithumb:eoskrw":10670,"bithumb:etckrw":45640,"bithumb:ethkrw":1082000,"bithumb:ltckrw":272600,"bithumb:xmrkrw":355800,"bithumb:xrpkrw":1240,"bithumb:zeckrw":517500,"bitmex:adabtc-monthly-futures":0.00005439,"bitmex:adabtc-quarterly-futures":0.0000322,"bitmex:bchbtc-monthly-futures":0.14283,"bitmex:bchbtc-quarterly-futures":0.1268,"bitmex:btcjpy-quarterly-futures":11099.5,"bitmex:btcusd-biquarterly-futures":11308,"bitmex:btcusd-perpetual-futures":11139.5,"bitmex:btcusd-quarterly-futures":11099.5,"bitmex:dashbtc-quarterly-futures":0.0635,"bitmex:etcbtc-weekly-futures":0.003424,"bitmex:ethbtc-quarterly-futures":0.08051,"bitmex:ltcbtc-quarterly-futures":0.02051,"bitmex:neobtc-monthly-futures":0.011446,"bitmex:xlmbtc-monthly-futures":0.00005411,"bitmex:xlmbtc-quarterly-futures":0.00003584,"bitmex:xmrbtc-quarterly-futures":0.026935,"bitmex:xrpbtc-quarterly-futures":0.00009456,"bitmex:zecbtc-quarterly-futures":0.040417,"bitsquare:btcaud":14673.225,"bitsquare:btceur":9500,"bitsquare:btcusd":11968.98,"bitsquare:etcbtc":0.00258436,"bitsquare:ethbtc":0.09,"bitsquare:ltcbtc":0.021483,"bitstamp:bchbtc":0.12498882,"bitstamp:bcheur":1138.94,"bitstamp:bchusd":1398.45,"bitstamp:btceur":9043.27,"bitstamp:btcusd":11153.52,"bitstamp:ethbtc":0.08042003,"bitstamp:etheur":730.71,"bitstamp:ethusd":897,"bitstamp:eurusd":1.22828,"bitstamp:ltcbtc":0.0201693,"bitstamp:ltceur":184.2,"bitstamp:ltcusd":226.16,"bitstamp:xrpbtc":0.00009256,"bitstamp:xrpeur":0.8402,"bitstamp:xrpusd":1.0301,"bittrex:adabtc":0.00003089,"bittrex:adaeth":0.00038123,"bittrex:adausdt":0.34567732,"bittrex:batbtc":0.00003589,"bittrex:bateth":0.00045398,"bittrex:bccbtc":0.12515998,"bittrex:bccusdt":1399.0999,"bittrex:blkbtc":0.00003225,"bittrex:btcusdt":11140,"bittrex:btgbtc":0.01142014,"bittrex:btgeth":0.14278114,"bittrex:btgusdt":128.235,"bittrex:dashbtc":0.06257997,"bittrex:dasheth":0.792294,"bittrex:dashusdt":700,"bittrex:dcrbtc":0.00723095,"bittrex:dogebtc":6.5e-7,"bittrex:edgbtc":0.000071,"bittrex:etcbtc":0.0034,"bittrex:etceth":0.04217709,"bittrex:etcusdt":37.89,"bittrex:ethbtc":0.08030801,"bittrex:ethusdt":900,"bittrex:funbtc":0.00000719,"bittrex:funeth":0.0000713,"bittrex:gnobtc":0.01085999,"bittrex:gnoeth":0.15570816,"bittrex:gntbtc":0.00003265,"bittrex:gnteth":0.00041026,"bittrex:ltcbtc":0.0203538,"bittrex:ltceth":0.25249678,"bittrex:ltcusdt":226.75798,"bittrex:mlnbtc":0.01190253,"bittrex:neobtc":0.011334,"bittrex:neoeth":0.1410783,"bittrex:neousdt":127.09982,"bittrex:omgbtc":0.00165023,"bittrex:omgeth":0.02050592,"bittrex:qtumbtc":0.00256363,"bittrex:qtumeth":0.03168317,"bittrex:repbtc":0.00439745,"bittrex:repeth":0.05411607,"bittrex:scbtc":0.00000231,"bittrex:sceth":0.00002882,"bittrex:sntbtc":0.00001685,"bittrex:snteth":0.00020981,"bittrex:stratbtc":0.0007777,"bittrex:strateth":0.00968,"bittrex:voxbtc":0.00001223,"bittrex:vrcbtc":0.00007453,"bittrex:vrmbtc":0.000455,"bittrex:vtcbtc":0.00040501,"bittrex:xembtc":0.00003915,"bittrex:xemeth":0.00049614,"bittrex:xmrbtc":0.02653972,"bittrex:xmreth":0.32649216,"bittrex:xmrusdt":297.1537,"bittrex:xrpbtc":0.00009233,"bittrex:xrpeth":0.00114777,"bittrex:xrpusdt":1.0345926,"bittrex:xvgbtc":0.00000654,"bittrex:xvgusdt":0.07333964,"bittrex:zecbtc":0.03844994,"bittrex:zeceth":0.48729396,"bittrex:zecusdt":436.845,"bittrex:zenbtc":0.00338638,"btce:bchbtc":0.1248,"btce:bcheth":1.55,"btce:bchltc":6.109,"btce:bchusd":1412,"btce:btceur":9211.65,"btce:btcrur":638714.9,"btce:btcusd":11290,"btce:ethbtc":0.08032,"btce:etheur":739.3224,